Model,Brand,Date of Sale,Sale Price,Year,Mileage,Classification,Transmission,Fuel Type,Description,Sale Location
Volkswagen Golf (GTI),Volkswagen,2024-01-02,"€8,193.00",2010,"109,038",Hatchback,Automatic,Petrol,Navy Volkswagen Golf2.0 TSI GTI DSG Euro 5 5dr6 previous owners,Dublin
Volkswagen Polo (Match),Volkswagen,02/01/2024,"€15,317.00",2020,"23,397 miles",Hatchback,Manual,Petrol,"Navy Volkswagen Polo1.0 TSI 95 MATCH 5d 94 BHP \xa31,755 Upgraded Extras, 6.5in Touchscreen Display, Apple CarPlay, Android Auto, MirrorLink, DAB / Bluetooth / USB, Front /1 previous owner",Dublin
Volkswagen Golf (SE),Volkswagen,03/01/2024,"€9,193.00",2014,"62,329",Hatchback,Manual,Diesel,Black Volkswagen GolfSE TDI BLUEMOTION TECHNOLOGY 1.6 5dr3 previous owners,Wexford
Volkswagen Tiguan (TDI),Volkswagen,05/01/2024,"€9,849.00",2015,"79,695",SUV,Manual,Diesel,Blue Volkswagen Tiguan2.0 TDI BlueMotion Tech Match 4WD Euro 5 (s/s) 5dr,Longford
Volkswagen Passat (Highline),Volkswagen,06/01/2024,"€3,086.00",2009,"105,044",Saloon,Manual,Diesel,Volkswagen Passat2.0 TDI Highline Euro 5 4dr3 previous owners,Cork
Volkswagen Scirocco (R-Line),Volkswagen,07/01/2024,"€16,381.00",2017,"46,777",Hatchback,Automatic,Diesel,"Navy Volkswagen Scirocco2.0 R LINE TDI BLUEMOTION TECHNOLOGY DSG 2d 148 BHP **F/S/H**\xa320 ROAD TAX**19""ALLOYS**2 previous owners",Dublin
Volkswagen T-Cross (TSI EVO),Volkswagen,07/01/2024,"€27,176.00",2020,"6,902",SUV,Automatic,Petrol,Blue Volkswagen T-Cross1.5 TSI (150ps) R-Line EVO DSG 5dr2 previous owners,Mayo
Volkswagen Golf (TSI),Volkswagen,08/01/2024,"€11,444.00",2012,"26,136",Hatchback,Automatic,Petrol,Silver Volkswagen Golf1.4 TSI Match DSG Euro 5 5dr,Galway
Volkswagen Polo (EVO),Volkswagen,2024-01-12,"€18,183.00",2021,"2,892",Hatchback,Manual,Petrol,Blue Volkswagen PoloMK6 Hatchback 5Dr 1.0 80PS Match EVO,Kildare
Volkswagen Golf (SE Nav),Volkswagen,12/01/2024,"€17,413.00",2018,"24,086",Hatchback,Manual,Petrol,Blue Volkswagen GolfVolkswagen Golf 1.5 TSI EVO 130 SE Nav 5dr1 previous owner,Sligo
Volkswagen Scirocco (TDI),Volkswagen,14/01/2024,"€6,372.00",2012,"132,281 miles",Hatchback,Manual,Diesel,"Grey Volkswagen Scirocco2.0 TDI BlueMotion Tech R-Line Euro 5 (s/s) 3dr (Leather, Nav)2 previous owners",Meath
Volkswagen Polo (beats),Volkswagen,18/01/2024,"€15,662.00",2020,"25,041 miles",Hatchback,Manual,Petrol,Blue Volkswagen Polo Hatchback1.0 TSI 95 Beats 5dr1 previous owner,Kilkenny
Volkswagen Golf (TSI EVO),Volkswagen,21/01/2024,"€19,906.00",2020,"19,731",Hatchback,Manual,Petrol,Volkswagen Golf1.5 TSI EVO Match Edition 5dr,Dublin
Volkswagen Golf (Match Edition),Volkswagen,22/01/2024,"€22,366.00",2020,19921,Estate,Automatic,Petrol,Navy Volkswagen Golf1.5 TSI EVO 150 Match Edition 5dr DSG,Dublin
Volkswagen Golf (GTI),Volkswagen,23/01/2024,"€16,257.00",2014,"57,232 miles",Hatchback,Automatic,Petrol,Volkswagen Golf2.0 TSI BlueMotion Tech GTI DSG Euro 6 (s/s) 5dr,Dublin
Volkswagen Taigo (TSI),Volkswagen,2024-01-25,"€28,860.00",2022,"4,053",SUV,Automatic,Petrol,Grey Volkswagen Taigo1.5 TSI 150 R-Line 5dr DSG,Monaghan
Volkswagen Tiguan (TDI),Volkswagen,25/01/2024,"€12,388.00",2014,"31,081",S.U.V.,Automatic,Diesel,Volkswagen Tiguan2.0 TDI BlueMotion Tech Match DSG 4WD Euro 5 (s/s) 5dr1 previous owner,Dublin
Volkswagen Tiguan (Match Edition),Volkswagen,27/01/2024,"€12,722.00",2016,"55,109",SUV,Manual,Diesel,Grey Volkswagen Tiguan2.0 TDi BlueMotion Tech Match Edition 150 5dr 2WD3 previous owners,Dublin
Volkswagen Golf (R),Volkswagen,27/01/2024,"€21,435.00",2017,"49,394",Hatchback,Manual,Petrol,Navy Volkswagen Golf2.0 R 3d 298 BHP STUNNING LOOKING CAR!!!,Dublin
Volkswagen Golf (SE),Volkswagen,31/01/2024,"€9,783.00",2013,"50,464",Hatchback,Automatic,Diesel,Blue Volkswagen Golf1.6 TDI BlueMotion Tech SE DSG Euro 5 (s/s) 5dr,Dublin
Volkswagen Touareg (BlueMotion Tech),Volkswagen,02/02/2024,"€ 12,073",2013,"142,178",SUV,Automatic,Diesel,Blue Volkswagen Touareg3.0 TDI V6 BlueMotion Tech R-Line Tiptronic 4WD Euro 5 (s/s) 5dr6 previous owners,Kerry
Volkswagen Golf (R-Line),Volkswagen,03/02/2024,"€ 16,225",2018,"60,034",Hatchback,Manual,Diesel,Blue Volkswagen Golf2.0 TDI R-Line 5dr Diesel Hatchback,Dublin
Volkswagen Tiguan (TSI),Volkswagen,06/02/2024,"€30,137.00",2022,146,SUV,Automatic,Petrol,Red Volkswagen Tiguan1.5 TSI Life DSG Euro 6 (s/s) 5dr,Clare
Volkswagen Passat (TDI),Volkswagen,10/02/2024,"€9,364.00",2013,"97,329 miles",Estate,Automatic,Diesel,Navy Volkswagen Passat2.0 TDI BlueMotion Tech Alltrack DSG 4Motion Euro 5 (s/s) 5dr3 previous owners,Kildare
Volkswagen Tiguan Allspace (TDI),Volkswagen,11/02/2024,"€24,781.00",2019,"19,085",SUV,Manual,Diesel,Blue Volkswagen Tiguan Allspace1.5 TSI EVO SE Nav 5dr Bluetooth,Roscommon
Volkswagen Tiguan (R-Line),Volkswagen,12/02/2024,"€42,370.00",2022,402,SUV,Automatic,Diesel,Black Volkswagen Tiguan2.0 TDI R-Line DSG 4Motion Euro 6 (s/s) 5dr,Clare
Volkswagen Golf (Match),Volkswagen,13/02/2024,"€5,440.00",2011,"100,339",Hatchback,Manual,Diesel,Volkswagen Golf2.0 TDI Match Euro 5 5dr3 previous owners,Limerick
Volkswagen Golf (TSI EVO),Volkswagen,2024-02-22,"€ 18,118",2019,"2,489",Hatchback,Manual,Petrol,Volkswagen Golf1.5 TSI EVO 150 SE [Nav] 5dr,Kildare
Volkswagen Passat (TDI),Volkswagen,23/02/2024,"€11,973.00",2014,"56,405",Estate,Manual,Diesel,Red Volkswagen Passat2.0 EXECUTIVE TDI BLUEMOTION TECHNOLOGY 5d 139 BHP,Cork
Volkswagen CC (TDI),Volkswagen,24/02/2024,"€10,826.00",2016,"78,363",Saloon,Automatic,Diesel,Blue Volkswagen CC2.0 GT TDI BLUEMOTION TECHNOLOGY DSG 4d 148 BHP FINANCE ME TODAY 4.9%2 previous owners,Donegal
Volkswagen Golf (SE Nav),Volkswagen,25/02/2024,"€16,840.00",2018,"14,424",Hatchback,Manual,Petrol,Blue Volkswagen Golf1.4 SE NAVIGATION TSI BLUEMOTION TECHNOLOGY 5d 124 BHP SAT NAV,Dublin
Volkswagen Passat (TDI),Volkswagen,25/02/2024,"€12,469.00",2015,"64,995",Estate,Automatic,Diesel,Blue Volkswagen Passat2.0 TDI SE Business 5dr DSG,Dublin
Volkswagen Golf (R),Volkswagen,25/02/2024,"€22,711.00",2017,"21,986",Hatchback,Manual,Petrol,Red Volkswagen Golf2.0 TSI BlueMotion Tech R 4Motion Euro 6 (s/s) 3dr3 previous owners,Wicklow
Volkswagen Golf (TSI EVO),Volkswagen,28/02/2024,"€17,775.00",2019,"16,407 miles",Hatchback,Manual,Petrol,Volkswagen GolfSE Nav 1.5 TSI EVO 130PS 6-speed Manual 5 Door1 previous owner,Wicklow
Volkswagen Polo (TSI),Volkswagen,01/03/2024,"€11,998.00",2016,"37,874",Hatchback,Automatic,Petrol,Red Volkswagen Polo1.2 TSI BlueMotion Tech Match DSG (s/s) 5dr2 previous owners,Longford
Volkswagen Golf (TSI),Volkswagen,02/03/2024,"€9,828.00",2010,"91,371 miles",Hatchback,Manual,Petrol,Silver Volkswagen Golf2.0 TSI GTI 3dr,Dublin
Volkswagen Polo (SEL),Volkswagen,02/03/2024,"€13,650.00",2018,"44,982",Hatchback,Manual,Petrol,Silver Volkswagen PoloMK6 Hatchback 5Dr 1.0 TSI 115PS SEL,Dublin
Volkswagen Golf (S),Volkswagen,02/03/2024,"€2,142.00",2011,"141,311",Estate,Manual,Diesel,Black Volkswagen Golf1.6 TDI BlueMotion Tech S Euro 5 (s/s) 5dr,Tipperary
Volkswagen Tiguan (BlueMotion Tech),Volkswagen,05/03/2024,"€11,342.00",2015,"56,971 miles",SUV,Manual,Diesel,Silver Volkswagen TiguanMATCH TDI BLUEMOTION TECHNOLOGY 2.0 5dr4 previous owners,Dublin
Volkswagen Golf (R),Volkswagen,2024-03-05,"€25,303.00",2018,"35,158",Hatchback,Automatic,Petrol,Blue Volkswagen Golf2.0 TSI R Hatchback 5dr Petrol DSG 4Motion Euro 6 (s/s) (310 ps)1 previous owner,Dublin
Volkswagen Golf (TSI),Volkswagen,2024-03-06,"€10,470.00",2015,"68,252",Hatchback,Manual,Petrol,Red Volkswagen Golf1.4 TSI Match 5dr,Carlow
Volkswagen Tiguan (R-Line),Volkswagen,06/03/2024,"€37,572.00",2022,"5,695",SUV,Automatic,Diesel,Black Volkswagen Tiguan 2.0 TDI R-Line SUV 5dr Diesel DSG Euro 6 (s2.0 TDI R-Line DSG Euro 6 (s/s) 5dr,Galway
Volkswagen Tiguan (TDI),Volkswagen,07/03/2024,"€9,246.00",2013,"90,406 miles",SUV,Manual,Diesel,Blue Volkswagen Tiguan2.0 TDI BlueMotion Tech Match 4WD (s/s) 5dr,Dublin
Volkswagen T-Cross (TSI),Volkswagen,2024-03-07,"€17,268.00",2019,"30,926",SUV,Manual,Petrol,Blue Volkswagen T-Cross1.0 TSI (115ps) SE Hatchback 5dr,Tipperary
Volkswagen Passat (GT),Volkswagen,08/03/2024,"€ 14,997",2017,70074,Estate,Automatic,Diesel,Volkswagen Passat1.6 TDI GT DSG Euro 6 (s/s) 5dr,Donegal
Volkswagen Golf (BlueMotion Tech),Volkswagen,08/03/2024,"€9,752.00",2015,"130,155",Hatchback,Manual,Diesel,Grey Volkswagen Golf2.0 TDI BlueMotion Tech GTD Euro 6 (s/s) 5dr5 previous owners,Dublin
Volkswagen Tiguan (TSI),Volkswagen,08/03/2024,"€25,924.00",2021,"15,573",SUV,Manual,Petrol,Volkswagen Tiguan1.5 TSI 5dr1 previous owner,Mayo
Volkswagen Polo (R-Line),Volkswagen,09/03/2024,"€21,465.00",2021,"6,555 miles",Hatchback,Automatic,Petrol,Volkswagen Polo1.0 Tsi 115 R-Line 5Dr Dsg1 previous owner,Dublin
Volkswagen Golf (R),Volkswagen,2024-03-10,"€18,430.00",2015,"65,218",Hatchback,Automatic,Petrol,"Silver Volkswagen Golf2.0 R DSG AUTOMATIC 3d 298 BHP, FULL VW SERVICE HISTORY FULL VW SERV HISTORY, OUTSTANDING2 previous owners",Donegal
Volkswagen Polo (EVO),Volkswagen,10/03/2024,"€13,462.00",2019,"14,416",Hatchback,Manual,Petrol,Red Volkswagen Polo1.0 EVO SE 5dr1 previous owner,Mayo
Volkswagen Tiguan (Life),Volkswagen,10/03/2024,"€30,101.00",2022,"1,380",SUV,Automatic,Petrol,Black Volkswagen Tiguan1.5 TSI 150 Life 5dr DSG,Dublin
Volkswagen Passat (TDI),Volkswagen,11/03/2024,"€10,400.00",2014,"73,371",Estate,Automatic,Diesel,"Blue Volkswagen Passat2.0 EXECUTIVE STYLE TDI BMT DSG 5d 139 BHP HEATED LEATHER, SAT NAV,",Tipperary
Volkswagen Touareg (Black Edition),Volkswagen,11/03/2024,"€55,253.00",2020,"9,720",SUV,Automatic,Diesel,Grey Volkswagen Touareg3.0TDI (286ps) Black Edition 4Motion 5dr1 previous owner,Kilkenny
Volkswagen Polo (beats),Volkswagen,2024-03-11,"€12,971.00",2019,"28,518",Hatchback,Manual,Petrol,Black Volkswagen Polo1L beats EVO 5dr,Monaghan
Volkswagen T-Roc (SE),Volkswagen,11/03/2024,"€21,145.00",2019,"16,266",SUV,Manual,Petrol,Black Volkswagen T-Roc1.5 TSI EVO SE 5dr,Galway
Volkswagen CC (BlueMotion Tech),Volkswagen,12/03/2024,"€5,696.00",2012,"143,462",Saloon,Automatic,Diesel,Blue Volkswagen CC2.0 TDI BlueMotion Tech GT Saloon 4dr Diesel DSG Euro 5 (s/s) (140 ps)3 previous owners,Dublin
Volkswagen Polo (SEL),Volkswagen,13/03/2024,"€11,406.00",2016,"29,027",Hatchback,Manual,Petrol,Black Volkswagen Polo1.0 TSI BlueMotion Tech SEL Euro 6 (s/s) 5dr1 previous owner,Wicklow
Volkswagen Tiguan (SE Navigation),Volkswagen,13/03/2024,"€20,253.00",2018,25766,SUV,Manual,Petrol,Silver Volkswagen Tiguan1.4 TSI 125PS 2WD SE Nav 5Dr1 previous owner,Dublin
Volkswagen Tiguan (SE),Volkswagen,14/03/2024,"€8,480.00",2013,"93,047",SUV,Manual,Diesel,Navy Volkswagen Tiguan2.0 TDI BlueMotion Tech SE 4WD Euro 5 (s/s) 5dr3 previous owners,Kildare
Volkswagen Tiguan (TDI),Volkswagen,17/03/2024,"€8,307.00",2014,"97,323 miles",SUV,Manual,Diesel,Blue Volkswagen Tiguan2.0 TDI BlueMotion Tech Match 2WD Euro 5 (s/s) 5dr2 previous owners,Roscommon
Volkswagen Tiguan (BlueMotion Tech),Volkswagen,19/03/2024,"€ 11,572",2015,"81,579",SUV,Automatic,Diesel,Black Volkswagen Tiguan2.0 TDI BlueMotion Tech Match DSG 4WD Euro 5 (s/s) 5dr1 previous owner,Wexford
Volkswagen Polo (TSI),Volkswagen,22/03/2024,"€8,798.00",2016,"21,195",Hatchback,Automatic,Petrol,Silver Volkswagen Polo1.2 TSI BlueMotion Tech Match DSG Euro 6 (s/s) 5dr3 previous owners,Tipperary
Volkswagen T-Roc (TDI),Volkswagen,23/03/2024,"€20,854.00",2018,"21,511 miles",SUV,Manual,Diesel,Navy Volkswagen T-Roc1.6 TDI SEL 115PS 5dr2 previous owners,Kildare
Volkswagen Tiguan (TSI),Volkswagen,25/03/2024,"€28,170.00",2022,484,SUV,Manual,Petrol,Navy Volkswagen Tiguan1.5 TSI Life Euro 6 (s/s) 5dr,Dublin
Volkswagen Tiguan (TDI),Volkswagen,26/03/2024,"€10,625.00",2015,"73,183",SUV,Manual,Diesel,Grey Volkswagen Tiguan2.0 TDI BlueMotion Tech Match 2WD Euro 6 (s/s) 5dr,Limerick
Volkswagen T-Roc (TSI),Volkswagen,28/03/2024,"€17,895.00",2019,28154,SUV,Manual,Petrol,Black Volkswagen T-Roc1.0 TSI SE 5dr,Dublin
Volkswagen Golf (R),Volkswagen,31/03/2024,"€27,249.00",2019,"23,421",Hatchback,Automatic,Petrol,Black Volkswagen Golf2.0 TSI 300 R 5dr 4MOTION DSG - ADAPTIVE CRUISE - REVERSE CAM1 previous owner,Longford
Volkswagen T-Roc (TDI),Volkswagen,31/03/2024,"€19,327.00",2019,10274,SUV,Manual,Diesel,Blue Volkswagen T-Roc1.6 TDI SE 5dr Bluetooth,Tipperary
Volkswagen Tiguan (TSI),Volkswagen,02/04/2024,"€17,809.00",2018,"58,481",SUV,Manual,Petrol,Red Volkswagen Tiguan1.4 TSi 150 SE Nav 5dr1 previous owner,Kildare
Volkswagen Arteon (TSI),Volkswagen,02/04/2024,"€ 34,622",2022,"3,667",Estate,Automatic,Petrol,Red Volkswagen ArteonR-Line 2.0 TSI 190PS 7-speed DSG 5 Door1 previous owner,Carlow
Volkswagen Golf (TSI),Volkswagen,02/04/2024,"€8,425.00",2010,"109,097",Hatchback,Automatic,Petrol,Navy Volkswagen Golf2.0 TSI GTI DSG Euro 5 5dr6 previous owners,Clare
Volkswagen Tiguan (Match),Volkswagen,05/04/2024,"€ 23,194",2020,"25,229",SUV,Manual,Petrol,Grey Volkswagen Tiguan1.5 TSi EVO 150 Match 5dr,Meath
Volkswagen T-Roc (TSI),Volkswagen,06/04/2024,"€18,694.00",2020,"10,215",SUV,Manual,Petrol,Black Volkswagen T-Roc1.0 TSI SE SUV 5dr Petrol Manual Euro 6 (s/s) (110 ps)1 previous owner,Waterford
Volkswagen Tiguan (TDI),Volkswagen,09/04/2024,"€13,257.00",2016,"38,169",SUV,Manual,Diesel,Silver Volkswagen Tiguan2L Match Edition BlueMotion Tech TDI 5dr,Tipperary
Volkswagen Polo (BlueMotion Tech),Volkswagen,12/04/2024,"€9,626.00",2015,"44,616",Hatchback,Manual,Petrol,Silver Volkswagen Polo1.0 SE Design 5dr,Waterford
Volkswagen Golf (Style),Volkswagen,14/04/2024,"€23,919.00",2021,"6,513",Hatchback,Manual,Petrol,Blue Volkswagen Golf1.5 TSI Style 5dr,Dublin
Volkswagen Polo (TSI),Volkswagen,2024-04-14,"€10,453.00",2016,"59,290",Hatchback,Manual,Petrol,Blue Volkswagen Polo1.2TSi MATCH 5 DOOR 90 BHP DAB Radio / Park Assist / \xa320 Tax,Wicklow
Volkswagen up! (Move up!),Volkswagen,17/04/2024,"€9,477.00",2018,"30,354",Hatchback,Manual,Petrol,Grey Volkswagen UP!Up 2016 1.0 60PS Move 5Dr,Offaly
Volkswagen Tiguan (BlueMotion Tech),Volkswagen,17/04/2024,"€ 14,224",2014,"53,026",SUV,Manual,Diesel,Blue Volkswagen Tiguan2.0 TDI BlueMotion Tech R-Line 4WD (s/s) 5dr,Cork
Volkswagen T-Cross (TSI),Volkswagen,19/04/2024,"€18,940.00",2019,"17,904",SUV,Manual,Petrol,Red Volkswagen T-Cross1.0 TSI SE 5dr,Monaghan
Volkswagen Tiguan (TSI EVO),Volkswagen,19/04/2024,"€23,101.00",2019,42066,SUV,Auto,Petrol,Black Volkswagen Tiguan1.5 TSi EVO 150 Match 5dr DSG1 previous owner,Cork
Volkswagen CC (GT),Volkswagen,20/04/2024,"€6,782.00",2013,"120,997",Saloon,Automatic,Diesel,Blue Volkswagen CC2.0 TDI BlueMotion Tech GT DSG 4dr3 previous owners,Louth
Volkswagen Passat (GT),Volkswagen,20/04/2024,"€18,499.00",2016,"31,304",Estate,Automatic,Diesel,Red Volkswagen Passat2.0 GT TDI BLUEMOTION TECHNOLOGY DSG 5d AUTO 188 BHP CRUISE CONTROL & HEATED SEATS2 previous owners,Kerry
Volkswagen Golf (Match),Volkswagen,20/04/2024,"€12,402.00",2015,"37,152",Hatchback,Manual,Petrol,Silver Volkswagen Golf1.4 TSI BlueMotion Tech Match Hatchback 5dr Petrol Manual Euro 6 (s/s) (125 ps)2 previous owners,Dublin
Volkswagen Tiguan (BlueMotion Tech),Volkswagen,21/04/2024,"€8,982.00",2011,"48,264",SUV,Manual,Diesel,Blue Volkswagen Tiguan2.0 MATCH TDI BLUEMOTION TECHNOLOGY 5d 138 BHP,Kerry
Volkswagen Arteon (TDI),Volkswagen,21/04/2024,"€40,237.00",2022,"8,099",Estate,Automatic,Diesel,Navy Volkswagen ArteonShooting Brake 2.0 TDI R-Line 4Motion DSG + Panoramic Sunroof 5dr,Dublin
Volkswagen Golf (TSI),Volkswagen,23/04/2024,"€7,654.00",2009,"96,355 miles",Hatchback,Manual,Petrol,Blue Volkswagen Golf2.0 TSI GTI Euro 5 5dr5 previous owners,Limerick
Volkswagen T-Roc (TSI EVO),Volkswagen,25/04/2024,"€24,732.00",2020,"11,275",SUV,Automatic,Petrol,Red Volkswagen T-Roc1.5 Tsi Evo Se 5Dr Dsg2 previous owners,Tipperary
Volkswagen Polo (BlueMotion Tech),Volkswagen,26/04/2024,"€8,730.00",2014,62995,Hatchback,Manual,Diesel,Silver Volkswagen PoloSEL TDI 1.4 5dr,Dublin
Volkswagen Golf (R),Volkswagen,27/04/2024,"€25,875.00",2019,"24,076",Hatchback,Automatic,Petrol,Volkswagen Golf2.0 TSI R Hatchback 5dr Petrol DSG 4Motion Euro 6 (s/s) (300 ps)1 previous owner,Donegal
Volkswagen Golf (SE Nav),Volkswagen,27/04/2024,"€15,989.00",2018,"39,847",Hatchback,Manual,Petrol,Black Volkswagen Golf1.5 TSI EVO SE [Nav] 5dr,Cork
Volkswagen Golf (GTD BlueLine),Volkswagen,27/04/2024,"€18,635.00",2018,"27,708",Hatchback,Manual,Diesel,Blue Volkswagen Golf2.0 TDI GTD BlueLine (s/s) 3dr,Dublin
Volkswagen CC (TDI),Volkswagen,2024-04-29,"€4,746.00",2008,"132,064",Saloon,Automatic,Diesel,Volkswagen CC2.0 TDI GT DSG Euro 4 4dr (4 Seat)3 previous owners,Carlow
Volkswagen Polo (beats),Volkswagen,29/04/2024,"€15,984.00",2021,"23,303",Hatchback,Manual,Petrol,Black Volkswagen Polo1.0 TSI 95 Beats 5dr Bluetooth,Cork
Volkswagen Golf (GT),Volkswagen,30/04/2024,"€ 8,616",2013,"72,713",Convertible,Automatic,Diesel,Grey Volkswagen Golf2.0 TDI BlueMotion Tech GT Cabriolet 2dr Diesel DSG Euro 5 (s/s) (140 ps)6 previous owners,Dublin
Volkswagen Golf (TSI EVO),Volkswagen,01/05/2024,"€16,753.00",2017,"33,437",Hatchback,Automatic,Petrol,Black Volkswagen Golf1.5 TSI EVO SE [Nav] 5dr DSG2 previous owners,Dublin
Volkswagen Polo (Match Edition),Volkswagen,01/05/2024,"€11,830.00",2017,"27,968",Hatchback,Manual,Petrol,Red Volkswagen Polo1.2 TSI Match Edition 5dr Bluetooth,Louth
Volkswagen T-Cross (TSI),Volkswagen,03/05/2024,"€19,085.00",2020,"13,827",SUV,Manual,Petrol,Red Volkswagen T-Cross1.0 TSI (95ps) SE Hatchback 5dr,Dublin
Volkswagen Tiguan (Match Edition),Volkswagen,2024-05-03,"€12,956.00",2016,"55,376 miles",SUV,Manual,Diesel,Black Volkswagen Tiguan2.0 TDI BlueMotion Tech Match Edition 2WD (s/s) 5dr,Dublin
Volkswagen Golf (GTI),Volkswagen,03/05/2024,"€7,404.00",2008,"74,110",Hatchback,Automatic,Petrol,Grey Volkswagen Golf2.0 TFSI GTI DSG 3dr4 previous owners,Carlow
Volkswagen Tiguan (TDI),Volkswagen,06/05/2024,"€12,539.00",2014,67643,SUV,Automatic,Diesel,Black Volkswagen Tiguan2.0 TDI BlueMotion Tech R-Line DSG 4WD Euro 5 (s/s) 5dr (Nav)2 previous owners,Dublin
Volkswagen Golf (SE Nav),Volkswagen,2024-05-10,"€13,903.00",2017,"57,569 miles",Hatchback,Manual,Diesel,Navy Volkswagen Golf1.6 TDI SE [Nav] 5dr,Wicklow
Volkswagen Polo (TSI),Volkswagen,13/05/2024,"€7,073.00",2014,"85,429 miles",Hatchback,Manual,Petrol,Navy Volkswagen Polo1.2 TSI BlueMotion Tech SE (s/s) 5dr2 previous owners,Dublin
Volkswagen ID.3 (Pro Performance),Volkswagen,14/05/2024,"€ 42,053",2020,"18,038",Hatchback,Automatic,Electric,Silver Volkswagen ID.3Max Pro Performance 204PS 1-speed automatic 5 Door1 previous owner,Donegal
Volkswagen Tiguan (TDI),Volkswagen,2024-05-16,"€10,746.00",2010,65776,SUV,Manual,Diesel,Silver Volkswagen Tiguan2.0 TDI R-Line 4WD 5dr3 previous owners,Dublin
Volkswagen Touareg (Altitude),Volkswagen,2024-05-18,"€10,760.00",2011,"99,272",SUV,Automatic,Diesel,Navy Volkswagen Touareg3.0 TDI V6 Altitude Tiptronic 4WD (s/s) 5dr3 previous owners,Dublin
Volkswagen Touareg (Black Edition),Volkswagen,19/05/2024,"€54,449.00",2020,"19,164",SUV,Automatic,Diesel,Red Volkswagen Touareg3.0 V6 BLACK EDITION TDI 5d 282 BHP1 previous owner,Kerry
Volkswagen Golf (BlueMotion),Volkswagen,20/05/2024,"€4,319.00",2011,"102,354",Hatchback,Manual,Diesel,Black Volkswagen Golf1.6 TDI BlueMotion Euro 5 (s/s) 5dr4 previous owners,Mayo
Volkswagen Golf (Match),Volkswagen,21/05/2024,"€6,613.00",2011,"80,862",Hatchback,Automatic,Diesel,Blue Volkswagen Golf1.6 TDI Match DSG Euro 5 5dr1 previous owner,Wexford
Volkswagen T-Roc (TDI),Volkswagen,21/05/2024,"€19,674.00",2019,10154,SUV,Manual,Diesel,Blue Volkswagen T-Roc1.6 TDI SE 115PS + 24 MONTHS WARRANTY 5dr,Dublin
Volkswagen Polo (TSI),Volkswagen,22/05/2024,"€7,382.00",2011,"65,811 miles",Hatchback,Manual,Petrol,Volkswagen Polo1.2 TSI SEL 3dr2 previous owners,Dublin
Volkswagen Tiguan (SEL),Volkswagen,22/05/2024,"€19,842.00",2019,"50,885",SUV,Manual,Diesel,Volkswagen Tiguan2.0 TDI SEL SUV 5dr Diesel Manual 4Motion Euro 6 (s/s) (150 ps)1 previous owner,Cork
Volkswagen Scirocco (R),Volkswagen,2024-05-24,"€17,118.00",2016,"39,497",Hatchback,Automatic,Petrol,Black Volkswagen Scirocco2.0 TSI BlueMotion Tech R DSG Euro 6 (s/s) 3dr2 previous owners,Waterford
Volkswagen Passat (TDI),Volkswagen,2024-05-24,"€ 10,239",2013,"29,828 miles",Saloon,Manual,Diesel,Red Volkswagen Passat2.0 TDI Bluemotion Tech Highline 4dr,Cork
Volkswagen Arteon (TSI),Volkswagen,30/05/2024,"€36,202.00",2022,"6,589",Estate,Auto,Petrol,Blue Volkswagen ArteonR-Line 2.0 TSI 190PS 7-speed DSG 5 Door1 previous owner,Roscommon
Volkswagen Golf (TSI EVO),Volkswagen,30/05/2024,"€17,893.00",2018,"11,432",Hatchback,Auto,Petrol,Navy Volkswagen Golf1.5 TSI EVO SE [Nav] 5dr DSG Petrol Hatchback,Meath
Volkswagen Taigo (TSI),Volkswagen,01/06/2024,"€ 27,630",2022,3378,SUV,Automatic,Petrol,Navy Volkswagen Taigo1.0 TSI 110 R-Line 5dr DSG1 previous owner,Cork
Volkswagen Golf (Match Edition),Volkswagen,03/06/2024,"€16,016.00",2016,"21,467 miles",Hatchback,Automatic,Petrol,Grey Volkswagen Golf Hatchback1.4 TSI 125 Match Edition 5dr2 previous owners,Clare
Volkswagen Golf (BlueMotion Tech),Volkswagen,2024-06-04,"€6,676.00",2014,127026,Hatchback,Automatic,Diesel,Silver Volkswagen Golf1.6 TDI BlueMotion Tech SE DSG (s/s) 5dr2 previous owners,Dublin
Volkswagen T-Cross (TSI),Volkswagen,05/06/2024,"€24,338.00",2021,"4,691",SUV,Automatic,Petrol,Red Volkswagen T-Cross1.0 TSI SEL DSG Euro 6 (s/s) 5dr1 previous owner,Mayo
Volkswagen Passat (TDI),Volkswagen,07/06/2024,"€ 14,712",2017,"65,448",Estate,Automatic,Diesel,Red Volkswagen Passat2.0 TDI SE Business DSG Auto 6Spd Euro 6 (s/s) 5dr3 previous owners,Mayo
Volkswagen Golf (BlueMotion Tech),Volkswagen,2024-06-07,"€8,104.00",2014,"117,965",Hatchback,Manual,Petrol,Blue Volkswagen Golf1.4 TSI BlueMotion Tech ACT GT 5dr1 previous owner,Laois
Volkswagen Polo (S),Volkswagen,08/06/2024,"€10,049.00",2015,"29,170",Hatchback,Manual,Petrol,Black Volkswagen Polo1.0 S 5dr,Galway
Volkswagen Touareg (TDI V6),Volkswagen,08/06/2024,"€8,492.00",2011,"137,227",SUV,Automatic,Diesel,Silver Volkswagen Touareg3.0 TDI V6 SE Tiptronic 4WD Euro 5 (s/s) 5dr,Meath
Volkswagen Passat (TDI),Volkswagen,09/06/2024,"€12,088.00",2016,"95,248",Estate,Manual,Diesel,Black Volkswagen Passat2.0 TDI BlueMotion Tech GT Euro 6 (s/s) 5dr2 previous owners,Mayo
Volkswagen Golf (TFSI),Volkswagen,11/06/2024,"€5,458.00",2008,"110,664",Hatchback,Manual,Petrol,Navy Volkswagen Golf2.0 TFSI GTI 5dr4 previous owners,Clare
Volkswagen Golf (GT),Volkswagen,11/06/2024,"€8,516.00",2014,"100,155",Hatchback,Manual,Diesel,Red Volkswagen Golf2.0 TDI BlueMotion Tech GT Euro 5 (s/s) 5dr2 previous owners,Wexford
Volkswagen Golf (TSI),Volkswagen,2024-06-13,"€13,253.00",2016,"31,096 miles",Hatchback,Manual,Petrol,Blue Volkswagen GolfVOLKSWAGEN GOLF 1.4 TSI 125 Match Edition 5dr3 previous owners,Wicklow
Volkswagen Golf (BlueMotion Tech),Volkswagen,14/06/2024,"€7,088.00",2014,138242,Hatchback,Manual,Diesel,Black Volkswagen Golf1.6 TDI BlueMotion Tech SE Hatchback 3dr Diesel Manual Euro 5 (s/s) (105 ps)1 previous owner,Sligo
Volkswagen Passat (TDI),Volkswagen,14/06/2024,"€8,929.00",2012,"59,337",Estate,Automatic,Diesel,Navy Volkswagen Passat2.0 S TDI BLUEMOTION TECHNOLOGY DSG 5d 139 BHP,Dublin
Volkswagen Polo (R-Line Style),Volkswagen,15/06/2024,"€5,420.00",2013,"74,660",Hatchback,Manual,Petrol,Red Volkswagen Polo1.2 R-Line Style Euro 5 3dr5 previous owners,Dublin
Volkswagen Tiguan (BlueMotion Tech),Volkswagen,16/06/2024,"€15,725.00",2017,"69,176",SUV,Manual,Diesel,Red Volkswagen Tiguan2.0 TDI 150PS 2WD SE Nav 5dr1 previous owner,Dublin
Volkswagen up! (High up!),Volkswagen,17/06/2024,"€6,325.00",2014,"74,602",Hatchback,Manual,Petrol,Black Volkswagen UPHIGH UP BLUEMOTION TECHNOLOGY 1.0 5dr4 previous owners,Carlow
Volkswagen Golf (SE Nav),Volkswagen,2024-06-20,"€17,049.00",2017,15110,Hatchback,Automatic,Diesel,Silver Volkswagen Golf2.0 TDI SE Nav DSG Euro 6 (s/s) 5dr2 previous owners,Cork
Volkswagen Tiguan (TDI),Volkswagen,20/06/2024,"€8,896.00",2012,"78,066",SUV,Automatic,Diesel,Blue Volkswagen Tiguan2.0 TDi BlueMotion Tech S 5dr DSG,Dublin
Volkswagen Tiguan Allspace (Match),Volkswagen,20/06/2024,"€32,944.00",2021,"5,679",SUV,Automatic,Petrol,Red Volkswagen Tiguan Allspace1.5 TSI (150ps) Match EVO DSG 5dr1 previous owner,Cork
Volkswagen Golf (Life),Volkswagen,2024-06-21,"€21,247.00",2021,"19,577",Hatchback,Manual,Petrol,Red Volkswagen Golf8 Life 1.5 TSI 150PS 6-speed Manual 5 Door,Limerick
Volkswagen Golf (R),Volkswagen,23/06/2024,"€31,477.00",2019,"17,243",Hatchback,Automatic,Petrol,Navy Volkswagen Golf2.0 R TSI 4MOTION DSG 5d 296 BHP REVERSING CAMERA PAN SUNROOF SATNAV,Cork
Volkswagen Passat (TSI),Volkswagen,23/06/2024,"€34,462.00",2020,258,Estate,Automatic,Petrol Plug-In Hybrid,Black Volkswagen Passat1.4 TSI PHEV GTE Advance 5dr DSG Estate,Laois
Volkswagen Golf (TDI),Volkswagen,2024-06-24,"€7,500.00",2011,"52,153",Hatchback,Manual,Diesel,Volkswagen Golf1.6 S TDI BLUEMOTION 5d 103 BHP 2 Former/MOT August 2023/2 Keys,Meath
Volkswagen Golf (GTD),Volkswagen,25/06/2024,"€17,715.00",2018,"53,793 miles",Hatchback,Manual,Diesel,Black Volkswagen Golf2.0 GTD TDI 5DR 182 BHP CAR PLAY+HEATED SEATS+DIGITAL DASH,Dublin
Volkswagen Polo (Match Edition),Volkswagen,29/06/2024,"€12,479.00",2017,"10,638",Hatchback,Manual,Petrol,Volkswagen Polo1.2 MATCH EDITION TSI 5d 89 BHP1 previous owner,Dublin
Volkswagen Tiguan (TDI),Volkswagen,29/06/2024,"€6,871.00",2010,"76,171",SUV,Manual,Diesel,Red Volkswagen Tiguan2.0 TDI SE 4WD Euro 5 5dr3 previous owners,Waterford
Volkswagen T-Roc (TSI),Volkswagen,2024-07-01,"€31,881.00",2022,4011,S.U.V.,Automatic,Petrol,Grey Volkswagen T-Roc Hatchback1.5 TSI EVO R-Line 5dr DSG1 previous owner,Cork
Volkswagen Passat (SE),Volkswagen,01/07/2024,"€4,200.00",2012,"116,924",Estate,Manual,Diesel,Blue Volkswagen Passat2.0 TDI BlueMotion Tech SE Euro 5 (s/s) 5dr2 previous owners,Kerry
Volkswagen Passat (TDI),Volkswagen,2024-07-01,"€6,089.00",2011,"107,629",Saloon,Automatic,Diesel,Blue Volkswagen Passat2.0 TDI BlueMotion Tech Sport DSG Euro 5 (s/s) 4dr4 previous owners,Donegal
Volkswagen Polo (SE),Volkswagen,02/07/2024,"€5,451.00",2011,"77,491",Hatchback,Manual,Petrol,Blue Volkswagen Polo1.2 SE 5dr3 previous owners,Cork
Volkswagen Golf (Match Edition),Volkswagen,02/07/2024,"€10,256.00",2016,"84,164",Hatchback,Automatic,Diesel,Black Volkswagen Golf1.6 TDI BlueMotion Tech Match Edition DSG Euro 6 (s/s) 5dr3 previous owners,Louth
Volkswagen Tiguan (SE Navigation),Volkswagen,04/07/2024,"€18,825.00",2018,"35,139",SUV,Manual,Petrol,Volkswagen Tiguan1.4 TSI 125PS 2WD SE Nav 5Dr1 previous owner,Limerick
Volkswagen Polo (TDI),Volkswagen,04/07/2024,"€3,901.00",2013,"123,447",Hatchback,Manual,Diesel,Red Volkswagen Polo1.2 TDI Match Hatchback 3dr Diesel Manual Euro 5 (75 ps)2 previous owners,Dublin
Volkswagen Tiguan (R-Line),Volkswagen,05/07/2024,"€20,198.00",2017,70746,SUV,Manual,Diesel,Grey Volkswagen Tiguan2.0 TDI R-Line 4Motion Euro 6 (s/s) 5dr1 previous owner,Laois
Volkswagen Scirocco (TSI),Volkswagen,05/07/2024,"€6,953.00",2009,"101,379",Hatchback,Automatic,Petrol,Silver Volkswagen Scirocco1.4 TSI DSG Euro 5 3dr,Dublin
Volkswagen Polo (SE),Volkswagen,07/07/2024,"€12,029.00",2018,"41,448",Hatchback,Manual,Petrol,Blue Volkswagen Polo1L SE 5dr,Dublin
Volkswagen T-Roc (TSI EVO),Volkswagen,11/07/2024,"€19,214.00",2018,"42,416",S.U.V.,Manual,Petrol,Volkswagen T-Roc1.5 Tsi Evo Sel 5Dr2 previous owners,Cork
Volkswagen Polo (Match Edition),Volkswagen,11/07/2024,"€10,434.00",2017,"59,521",Hatchback,Manual,Petrol,Red Volkswagen Polo1.2 MATCH EDITION TSI 5d 89 BHP2 previous owners,Dublin
Volkswagen Golf (R),Volkswagen,12/07/2024,"€23,714.00",2017,"68,880",Hatchback,Automatic,Petrol,Blue Volkswagen Golf2.0 TSI BlueMotion Tech R DSG 4Motion Euro 6 (s/s) 5dr2 previous owners,Leitrim
Volkswagen T-Cross (SEL),Volkswagen,2024-07-13,"€17,928.00",2019,"43,852",SUV,Automatic,Petrol,Silver Volkswagen T-Cross1.0 TSI 115 SEL DSG 5dr,Cork
Volkswagen Golf (GT),Volkswagen,2024-07-13,"€16,230.00",2019,"43,545",Hatchback,Manual,Diesel,Black Volkswagen Golf1.6 TDI GT Euro 6 (s/s) 5dr1 previous owner,Dublin
Volkswagen Golf (Life),Volkswagen,13/07/2024,"€25,646.00",2022,"2,642",Hatchback,Manual,Petrol,Red Volkswagen Golf Hatchback1.5 TSI 150 Life 5dr1 previous owner,Kilkenny
Volkswagen Tiguan (BlueMotion Tech),Volkswagen,19/07/2024,"€11,531.00",2014,"64,414",SUV,Automatic,Diesel,Navy Volkswagen Tiguan2.0 MATCH TDI BLUEMOTION TECH 4MOTION DSG 5d 139 BHP 2 OWNERS - SERVICE HISTORY2 previous owners,Limerick
Volkswagen Golf (TSI EVO),Volkswagen,23/07/2024,"€17,248.00",2019,"31,556",Hatchback,Manual,Petrol,Blue Volkswagen GolfMK7 Facelift 1.5 TSI SE Nav EVO 130PS 5Dr,Cork
Volkswagen T-Roc (SEL),Volkswagen,2024-07-23,"€14,852.00",2018,"86,244",S.U.V.,Manual,Diesel,Volkswagen T-Roc1.6 SEL TDI 5d 114 BHP1 previous owner,Dublin
Volkswagen Golf (GTD),Volkswagen,2024-07-24,"€15,354.00",2016,"50,578",Hatchback,Manual,Diesel,"Silver Volkswagen Golf2.0 GTD 5d 181 BHP FULL SERVICE HISTORY, SAT NAV, B/T2 previous owners",Laois
Volkswagen Tiguan (SE),Volkswagen,26/07/2024,"€6,998.00",2008,"66,131",SUV,Manual,Petrol,Blue Volkswagen Tiguan1.4 TSI SE 4WD Euro 4 5dr,Dublin
Volkswagen Passat (TDI EVO),Volkswagen,26/07/2024,"€22,116.00",2020,"35,870",Estate,Manual,Diesel,Grey Volkswagen Passat2.0 TDI EVO SCR SEL 5dr Leather Seats,Meath
Volkswagen T-Roc (TSI),Volkswagen,26/07/2024,"€27,433.00",2022,"2,550",SUV,Manual,Petrol,Blue Volkswagen T-Roc1.0 TSI Style 5dr,Leitrim
Volkswagen Polo (BlueMotion Tech),Volkswagen,28/07/2024,"€9,387.00",2017,"60,974",Hatchback,Manual,Petrol,Blue Volkswagen Polo1.2 TSI BlueMotion Tech beats Euro 6 (s/s) 5dr2 previous owners,Dublin
Volkswagen Golf (Match),Volkswagen,28/07/2024,"€7,276.00",2011,"60,225",Hatchback,Manual,Petrol,Red Volkswagen Golf1.4 TSI Match 5dr2 previous owners,Dublin
Volkswagen Golf (BlueMotion Tech),Volkswagen,2024-07-28,"€7,204.00",2013,"84,557",Hatchback,Manual,Petrol,Blue Volkswagen Golf1.2 TSI BlueMotion Tech S Euro 5 (s/s) 5dr2 previous owners,Waterford
Volkswagen Passat (GT),Volkswagen,2024-07-29,"€17,330.00",2018,"61,263",Estate,Manual,Diesel,Black Volkswagen Passat2.0 TDI GT 5dr [Panoramic Roof],Leitrim
Volkswagen Golf (SE Nav),Volkswagen,30/07/2024,"€ 16,603",2017,"28,900",Hatchback,Automatic,Petrol,Black Volkswagen Golf1.4 TSI SE Nav DSG Euro 6 (s/s) 5dr1 previous owner,Limerick
Volkswagen Golf (SE),Volkswagen,30/07/2024,"€4,156.00",2009,"89,164",Estate,Automatic,Diesel,Silver Volkswagen Golf1.9 TDI SE DSG Euro 4 5dr,Dublin
Volkswagen Polo (BlueMotion Tech),Volkswagen,01/08/2024,"€9,423.00",2015,"50,602",Hatchback,Manual,Diesel,Red Volkswagen Polo1.4 TDI BlueMotion Tech SE Euro 6 (s/s) 5dr1 previous owner,Donegal
Volkswagen T-Roc (TDI),Volkswagen,02/08/2024,"€19,388.00",2020,"23,688",SUV,Manual,Diesel,Navy Volkswagen T-Roc1.6 TDI SE 5dr,Tipperary
Volkswagen Taigo (TSI),Volkswagen,03/08/2024,"€23,324.00",2022,"9,359",SUV,Manual,Petrol,Grey Volkswagen Taigo1.0 TSI 110 Life 5dr,Limerick
Volkswagen CC (GT),Volkswagen,03/08/2024,"€9,013.00",2015,"106,381",Saloon,Automatic,Diesel,Silver Volkswagen CC2.0 TDI BlueMotion Tech GT DSG Euro 6 (s/s) 4dr2 previous owners,Kildare
Volkswagen Tiguan (SEL),Volkswagen,03/08/2024,"€ 23,808",2019,"9,914",SUV,Manual,Diesel,Grey Volkswagen Tiguan2.0 TDI SEL 4Motion Euro 6 (s/s) 5dr,Waterford
Volkswagen Golf (Match Edition),Volkswagen,04/08/2024,"€18,521.00",2020,"16,265",Hatchback,Manual,Petrol,Navy Volkswagen Golf1.5 TSI EVO Match Edition 5dr,Cork
Volkswagen Scirocco (TDI),Volkswagen,2024-08-05,"€ 8,437",2014,"113,234",Hatchback,Automatic,Diesel,Volkswagen Scirocco2.0 TDI BlueMotion Tech GT DSG 3dr,Galway
Volkswagen Polo (BlueMotion Tech),Volkswagen,06/08/2024,"€7,795.00",2014,58295,Hatchback,Manual,Petrol,Grey Volkswagen Polo1.2 TSI SE 3dr,Donegal
Volkswagen Tiguan (BlueMotion Tech),Volkswagen,08/08/2024,"€16,232.00",2017,42835,SUV,Manual,Diesel,Silver Volkswagen Tiguan2.0 TDI BlueMotion Tech S SUV 5dr Diesel Manual Euro 6 (s/s) (115 ps),Cork
Volkswagen Tiguan (TDI),Volkswagen,12/08/2024,"€5,934.00",2009,"125,336 miles",SUV,Manual,Diesel,Black Volkswagen Tiguan2.0 TDI Sport 4WD 5dr4 previous owners,Cork
Volkswagen Polo (S),Volkswagen,12/08/2024,"€5,535.00",2012,"60,316 miles",Hatchback,Manual,Petrol,Navy Volkswagen Polo1.2 S Euro 5 3dr1 previous owner,Cork
Volkswagen Taigo (R-Line),Volkswagen,12/08/2024,"€26,348.00",2022,640,SUV,Manual,Petrol,Silver Volkswagen Taigo1.0 TSI 110 R-Line 5dr,Kildare
Volkswagen Golf (BlueMotion Tech),Volkswagen,2024-08-12,"€8,678.00",2015,"78,333",Hatchback,Manual,Diesel,"Navy Volkswagen GolfGolf 1.6 TDI BlueMotion Tech Match Hatchback 5dr Diesel Manual (s/s) (99 g/km, 104 bhp)2 previous owners",Galway
Volkswagen Tiguan (Match Edition),Volkswagen,14/08/2024,"€11,624.00",2016,"85,123",SUV,Manual,Diesel,Volkswagen Tiguan2.0 TDI BlueMotion Tech Match Edition 4WD Euro 6 (s/s) (150 ps) 5dr2 previous owners,Dublin
Volkswagen Passat (TSI EVO),Volkswagen,2024-08-14,"€ 24,042",2020,"19,341",Estate,Automatic,Petrol,Red Volkswagen Passat1.5 TSI 150ps SE DSG Estate *2 years warranty & 2 years roadside assistance 5dr1 previous owner,Kerry
Volkswagen T-Roc (TSI),Volkswagen,14/08/2024,"€17,406.00",2018,33097,SUV,Manual,Petrol,Red Volkswagen T-Roc1.0 TSI 115PS SE 5dr1 previous owner,Longford
Volkswagen Taigo (R-Line),Volkswagen,16/08/2024,"€28,389.00",2022,"3,130",SUV,Automatic,Petrol,Silver Volkswagen Taigo Hatchback1.5 TSI 150 R-Line 5dr DSG1 previous owner,Kerry
Volkswagen Polo (Match),Volkswagen,16/08/2024,"€11,151.00",2016,"20,532",Hatchback,Manual,Petrol,Red Volkswagen Polo1.0 Bluemotion Tech Match Hatchback 5dr Petrol Manual Euro 6 (s/s) (75 Ps)2 previous owners,Sligo
Volkswagen Polo (TDI),Volkswagen,17/08/2024,"€4,812.00",2010,"96,238",Hatchback,Manual,Diesel,Blue Volkswagen Polo1.6 TDI SEL Euro 5 5dr,Cork
Volkswagen Passat (SE Business),Volkswagen,17/08/2024,"€9,251.00",2015,"105,219",Estate,Manual,Diesel,Silver Volkswagen Passat1.6 TDI BlueMotion Tech SE Business (s/s) 5dr1 previous owner,Westmeath
Volkswagen Tiguan (TDI),Volkswagen,18/08/2024,"€11,188.00",2015,"75,061",SUV,Manual,Diesel,Grey Volkswagen Tiguan2.0 TDi BlueMotion Tech Match 150 4MOTION 5dr,Tipperary
Volkswagen Golf (Match Edition),Volkswagen,19/08/2024,"€ 9,356",2016,"75,268",Hatchback,Manual,Diesel,Black Volkswagen Golf1.6 TDI BlueMotion Tech Match Edition Euro 6 (s/s) 5dr2 previous owners,Cork
Volkswagen Tiguan (Match Edition),Volkswagen,20/08/2024,"€13,364.00",2015,"77,350 miles",SUV,Manual,Diesel,Black Volkswagen Tiguan2.0 TDI BlueMotion Tech Match Edition 2WD (s/s) 5dr2 previous owners,Cork
Volkswagen T-Roc (SEL),Volkswagen,21/08/2024,"€22,253.00",2018,"20,846",SUV,Manual,Petrol,Red Volkswagen T-Roc1.5 TSI EVO SEL 5dr,Mayo
Volkswagen Passat (BlueMotion Tech),Volkswagen,22/08/2024,"€14,657.00",2016,"80,403 miles",Estate,Automatic,Diesel,Navy Volkswagen Passat2.0 TDI BlueMotion Tech Alltrack DSG 4Motion Euro 6 (s/s) 5dr,Donegal
Volkswagen Golf (GTD),Volkswagen,23/08/2024,"€14,663.00",2015,"46,982",Hatchback,Manual,Diesel,Black Volkswagen Golf2.0 TDI GTD 5dr5 previous owners,Dublin
Volkswagen Passat (TDI),Volkswagen,23/08/2024,"€9,479.00",2016,"90,199",Saloon,Manual,Diesel,Volkswagen Passat1.6 TDI BlueMotion Tech SE Business Euro 6 (s/s) 4dr1 previous owner,Dublin
Volkswagen Passat (Highline),Volkswagen,24/08/2024,"€ 3,908",2009,"127,363",Estate,Automatic,Diesel,Blue Volkswagen Passat2.0 TDI Highline DSG Euro 5 5dr2 previous owners,Limerick
Volkswagen Polo (BlueMotion Tech),Volkswagen,2024-08-25,"€9,969.00",2014,"45,324",Hatchback,Automatic,Petrol,Grey Volkswagen Polo1.2 TSI BlueMotion Tech SE DSG Euro 6 (s/s) 3dr3 previous owners,Cork
Volkswagen Golf (TDI),Volkswagen,2024-08-27,"€7,610.00",2012,"48,207",Estate,Manual,Diesel,Grey Volkswagen Golf1.6 TDI SE Euro 5 5dr1 previous owner,Louth
Volkswagen Beetle (Sport),Volkswagen,28/08/2024,"€ 7,827",2012,"70,277",Hatchback,Manual,Petrol,Black Volkswagen Beetle1.4 TSI Sport Euro 5 3dr,Meath
Volkswagen Polo (BlueMotion Tech),Volkswagen,28/08/2024,"€8,087.00",2015,"57,989",Hatchback,Manual,Petrol,Red Volkswagen Polo1.0L SE 5d 60 BHP2 previous owners,Dublin
Volkswagen CC (TDI),Volkswagen,2024-08-28,"€13,139.00",2014,"39,985",Saloon,Automatic,Diesel,Navy Volkswagen CC2.0 TDI BlueMotion Tech GT DSG Euro 5 (s/s) 4dr3 previous owners,Dublin
Volkswagen T-Cross (SE),Volkswagen,29/08/2024,"€20,462.00",2021,5000,SUV,Manual,Petrol,Grey Volkswagen T-Cross1.0 TSI SE 5dr1 previous owner,Cork
Volkswagen Polo (BlueMotion Tech),Volkswagen,03/09/2024,"€10,397.00",2016,"32,696",Hatchback,Manual,Petrol,Black Volkswagen Polo1.2 TSI Match 90PS 3Dr Hatchback,Limerick
Volkswagen Tiguan (R-Line),Volkswagen,03/09/2024,"€13,176.00",2011,"37,042 miles",S.U.V.,Automatic,Diesel,Navy Volkswagen Tiguan2.0 TDI R-Line DSG 4WD Euro 5 5dr,Clare
Volkswagen Golf (GT),Volkswagen,04/09/2024,"€13,935.00",2018,"54,202 miles",Hatchback,Manual,Diesel,Red Volkswagen Golf1.6 TDI GT 5dr,Meath
Volkswagen Golf (GTI),Volkswagen,2024-09-04,"€12,753.00",2014,"91,314",Hatchback,Automatic,Petrol,Black Volkswagen Golf2.0 TSI BlueMotion Tech GTI DSG Euro 6 (s/s) 5dr,Wexford
Volkswagen Polo (TSI),Volkswagen,05/09/2024,"€10,119.00",2017,"44,714",Hatchback,Manual,Petrol,Black Volkswagen Polo1.2 TSI Match (s/s) 5dr2 previous owners,Donegal
Volkswagen Golf (TDI),Volkswagen,07/09/2024,"€3,780.00",2010,"108,486",Hatchback,Manual,Diesel,Blue Volkswagen Golf1.6 TDI SE Hatchback 5dr Diesel Manual Euro 5 (105 ps)1 previous owner,Dublin
Volkswagen CC (BlueMotion Tech),Volkswagen,10/09/2024,"€7,850.00",2015,"94,091",Saloon,Manual,Diesel,Red Volkswagen CC2.0 TDI BlueMotion Tech GT Euro 6 (s/s) 4dr2 previous owners,Dublin
Volkswagen T-Roc (TSI),Volkswagen,10/09/2024,"€33,156.00",2020,"10,551",SUV,Automatic,Petrol,Black Volkswagen T-Roc2.0 TSI 4MOTION R 5dr DSG,Kildare
Volkswagen up! (High up!),Volkswagen,12/09/2024,"€7,461.00",2013,"40,014",Hatchback,Manual,Petrol,Grey Volkswagen UP1.0 BLUEMOTION TECH HIGH UP 3DR1 previous owner,Dublin
Volkswagen ID.4 (Pro Performance),Volkswagen,2024-09-13,"€51,176.00",2021,"12,285",SUV,Automatic,Electric,Navy Volkswagen ID4MAX 5d 202 BHP VW WARRANTY UNTIL 16/12/2024!1 previous owner,Tipperary
Volkswagen ID.3 (Pro Performance),Volkswagen,14/09/2024,"€37,491.00",2021,"19,673",Hatchback,Automatic,Electric,Grey Volkswagen ID.3Pro Performance 58kWh Business Auto 5dr,Meath
Volkswagen Tiguan (SEL),Volkswagen,15/09/2024,"€20,200.00",2016,"50,491",SUV,Automatic,Petrol,Grey Volkswagen Tiguan2.0 TSi 180 4Motion SEL DSG 5dr,Kerry
Volkswagen Polo (Match Edition),Volkswagen,2024-09-15,"€13,979.00",2017,"20,060",Hatchback,Automatic,Petrol,Blue Volkswagen Polo1.2 TSI BlueMotion Tech Match Edition DSG Euro 6 (s/s) 5dr2 previous owners,Dublin
Volkswagen Golf (R-Line Edition),Volkswagen,15/09/2024,"€23,789.00",2020,"9,875",Hatchback,Auto,Diesel,Blue Volkswagen Golf2.0 TDI R-Line Edition 5dr DSG,Cork
Volkswagen Tiguan (Match),Volkswagen,16/09/2024,"€25,187.00",2019,"10,943",SUV,Automatic,Diesel,Silver Volkswagen Tiguan2.0 TDi 190 4Motion Match 5dr DSG,Kerry
Volkswagen Golf (R-Line),Volkswagen,16/09/2024,"€29,924.00",2022,"5,111",Hatchback,Automatic,Petrol Hybrid,Black Volkswagen Golf1.5 Etsi 150 R-Line 5Dr Dsg1 previous owner,Meath
Volkswagen Tiguan (TDI),Volkswagen,16/09/2024,"€ 12,767",2015,"47,735 miles",SUV,Automatic,Diesel,Grey Volkswagen Tiguan2.0 TDI BlueMotion Tech Match DSG 4WD Euro 5 (s/s) 5dr2 previous owners,Cork
Volkswagen Scirocco (GT),Volkswagen,2024-09-17,"€13,250.00",2014,"33,942",Hatchback,Automatic,Diesel,Black Volkswagen Scirocco2.0 GT TDI BLUEMOTION TECHNOLOGY DSG 2d 182 BHP2 previous owners,Kildare
Volkswagen Golf (TSI EVO),Volkswagen,18/09/2024,"€ 18,874",2020,"11,097",Hatchback,Manual,Petrol,Volkswagen GolfMK7 Facelift 1.5 TSI (130ps)Match Edition EVO 5dr1 previous owner,Tipperary
Volkswagen T-Cross (TSI),Volkswagen,18/09/2024,"€ 17,736",2019,"10,959",SUV,Manual,Petrol,Blue Volkswagen T-Cross1.0 TSI S 5dr,Wicklow
Volkswagen Golf (GTI),Volkswagen,19/09/2024,"€32,747.00",2021,"5,942",Hatchback,Automatic,Petrol,Blue Volkswagen GolfGTI TSI DSG 2.0 5dr,Laois
Volkswagen T-Cross (SE),Volkswagen,19/09/2024,"€17,487.00",2020,"25,457 miles",S.U.V.,Manual,Petrol,Volkswagen T-Cross1.0 Tsi 115 Se 5Dr1 previous owner,Dublin
Volkswagen ID.3 (Pro Performance),Volkswagen,2024-09-19,"€36,949.00",2020,"11,333",Hatchback,Automatic,Electric,Black Volkswagen ID.3Business Pro Performance (204ps) Auto 5dr1 previous owner,Dublin
Volkswagen T-Roc (TSI EVO),Volkswagen,20/09/2024,"€22,866.00",2019,"15,117",SUV,Manual,Petrol,Red Volkswagen T-Roc2017 1.5 TSI SEL 150PS EVO 5dr,Dublin
Volkswagen Golf (Match Edition),Volkswagen,20/09/2024,"€11,657.00",2016,48218,Hatchback,Manual,Diesel,Grey Volkswagen Golf1.6 TDI BlueMotion Tech Match Edition Sat Nav 5dr2 previous owners,Dublin
Volkswagen Touareg (TDI V6),Volkswagen,20/09/2024,"€25,181.00",2017,"36,892",SUV,Automatic,Diesel,Blue Volkswagen Touareg3.0 TDI V6 R-Line Tiptronic 4WD Euro 6 (s/s) 5dr2 previous owners,Dublin
Volkswagen Golf (Match Edition),Volkswagen,20/09/2024,"€19,681.00",2020,"14,461",Estate,Manual,Diesel,Blue Volkswagen GolfEstate Match Edition 1.6 TDI 115PS Manual [DASHCAMS + TOWBAR] 5dr1 previous owner,Cork
Volkswagen Golf (Match),Volkswagen,21/09/2024,"€10,805.00",2015,"50,800",Hatchback,Manual,Diesel,Black Volkswagen Golf1.6 MATCH TDI BLUEMOTION TECHNOLOGY 5d 109 BHP,Dublin
Volkswagen Tiguan (Match),Volkswagen,24/09/2024,"€12,390.00",2015,"81,442",SUV,Automatic,Diesel,Blue Volkswagen Tiguan2.0 TDI BlueMotion Tech Match DSG 4WD Euro 5 (s/s) 5dr2 previous owners,Kilkenny
Volkswagen Tiguan (SEL),Volkswagen,26/09/2024,"€26,173.00",2019,"37,444 miles",SUV,Automatic,Petrol,Red Volkswagen Tiguan2.0 SEL TSI 4MOTION DSG 5d 188 BHP 1 OWNER+ PAN ROOF+SAT NAV+DYN AUDIO,Leitrim
Volkswagen Passat (TSI),Volkswagen,26/09/2024,"€31,611.00",2021,"33,316",Estate,Automatic,Petrol Plug-In Hybrid,Silver Volkswagen Passat1.4 TSI PHEV GTE 5dr DSG,Dublin
Volkswagen Passat (TSI EVO),Volkswagen,26/09/2024,"€30,275.00",2021,"7,150",Estate,Automatic,Petrol,Volkswagen Passat1.5 TSI EVO R-Line 5dr DSG2 previous owners,Waterford
Volkswagen T-Roc (TSI EVO),Volkswagen,28/09/2024,"€24,165.00",2019,"21,141 miles",SUV,Automatic,Petrol,Navy Volkswagen T-Roc Hatchback1.5 TSI EVO SEL 5dr DSG1 previous owner,Donegal
Volkswagen Golf (BlueMotion Tech),Volkswagen,29/09/2024,"€9,157.00",2013,"83,944",Hatchback,Manual,Petrol,Silver Volkswagen Golf1.4 TSI BlueMotion Tech ACT GT Euro 6 (s/s) 5dr1 previous owner,Galway
Volkswagen Golf (S),Volkswagen,29/09/2024,"€5,089.00",2009,"62,046",Hatchback,Manual,Petrol,Volkswagen Golf1.4 S 5dr2 previous owners,Donegal
Volkswagen Golf (Match),Volkswagen,03/10/2024,"€ 9,780",2012,"41,347",Hatchback,Manual,Petrol,Blue Volkswagen Golf1.4 MATCH TSI 5d 121 BHP WARRANTY & BREAKDOWN COVER INCLUDED,Galway
Volkswagen Tiguan (R-Line),Volkswagen,04/10/2024,"€33,946.00",2021,"14,528",SUV,Automatic,Petrol,Blue Volkswagen Tiguan1.5 TSI (150ps) R-Line EVO DSG 5dr,Longford
Volkswagen Tiguan Allspace (R-Line Tech),Volkswagen,04/10/2024,"€31,035.00",2020,"35,557 miles",SUV,Automatic,Petrol,Volkswagen Tiguan Allspace1.5 TSI EVO R-Line Tech DSG Euro 6 (s/s) 5dr,Meath
Volkswagen Golf (R),Volkswagen,05/10/2024,"€28,627.00",2018,"20,786",Hatchback,Automatic,Petrol,Blue Volkswagen Golf2.0 R TSI DSG 5d 306 BHP5 previous owners,Tipperary
Volkswagen Polo (TSI),Volkswagen,2024-10-07,"€8,945.00",2019,"22,560",Hatchback,Manual,Petrol,Navy Volkswagen Polo1.0 TSI SE Hatchback 5dr Petrol Manual Euro 6 (s/s) (95 ps)2 previous owners,Donegal
Volkswagen T-Roc (TDI),Volkswagen,2024-10-08,"€22,294.00",2018,"19,952",SUV,Manual,Diesel,Volkswagen T-Roc1.6 TDI 115PS R-Line 5dr,Galway
Volkswagen Golf (R),Volkswagen,08/10/2024,"€18,194.00",2016,"92,585",Hatchback,Automatic,Petrol,"Blue Volkswagen Golf2.0 R DSG 5d 298 BHP SAT NAV, XENONS, DAB & 18"" ALLOYS1 previous owner",Tipperary
Volkswagen T-Roc (Design),Volkswagen,08/10/2024,"€19,443.00",2018,26385,SUV,Manual,Petrol,Grey Volkswagen T-Roc2017 1.0 TSI Design 115PS 5dr,Carlow
Volkswagen Passat (BlueMotion),Volkswagen,10/10/2024,"€12,604.00",2016,"62,988",Estate,Manual,Diesel,Silver Volkswagen Passat1.6 BLUEMOTION TDI (120) 5dr,Kildare
Volkswagen Polo (S),Volkswagen,11/10/2024,"€5,248.00",2013,"75,938",Hatchback,Manual,Petrol,Red Volkswagen Polo1.2 S Euro 5 3dr2 previous owners,Dublin
Volkswagen up! (High up!),Volkswagen,12/10/2024,"€9,486.00",2017,"31,431",Hatchback,Manual,Petrol,Black Volkswagen UP!Up 2016 1.0 75PS High 5Dr1 previous owner,Carlow
Volkswagen Golf (BlueMotion Tech),Volkswagen,13/10/2024,"€5,919.00",2013,"124,088 miles",Hatchback,Manual,Diesel,Volkswagen Golf1.6 TDI BlueMotion Tech S Euro 5 (s/s) 5dr4 previous owners,Galway
Volkswagen Polo (BlueGT),Volkswagen,2024-10-14,"€13,942.00",2016,"23,455",Hatchback,Manual,Petrol,Blue Volkswagen Polo1.4 TSI BlueMotion Tech ACT BlueGT Euro 6 (s/s) 3dr,Dublin
Volkswagen Polo (BlueMotion Tech),Volkswagen,14/10/2024,"€10,095.00",2017,42597,Hatchback,Manual,Petrol,Red Volkswagen Polo1.0 Match Hatchback 5dr Petrol Manual 108 g/km 74.0 BHP,Meath
Volkswagen Tiguan (TDI),Volkswagen,14/10/2024,"€9,701.00",2011,"70,344",SUV,Manual,Diesel,Black Volkswagen Tiguan2.0 TDI R-Line 4WD Euro 5 5dr4 previous owners,Kildare
Volkswagen Golf (GTD),Volkswagen,15/10/2024,"€8,225.00",2012,"113,143",Hatchback,Manual,Diesel,Blue Volkswagen Golf2.0 TDI GTD 3dr,Dublin
Volkswagen Polo (BlueMotion Tech),Volkswagen,19/10/2024,"€10,147.00",2015,"29,003",Hatchback,Manual,Petrol,Red Volkswagen Polo1.0 S 5dr,Dublin
Volkswagen Passat (TDI),Volkswagen,19/10/2024,"€ 4,471",2011,143962,Saloon,Manual,Diesel,Grey Volkswagen Passat2.0 SPORT TDI BLUEMOTION TECHNOLOGY 4d 139 BHP \xa330 TAX,Wicklow
Volkswagen Polo (TSI),Volkswagen,20/10/2024,"€12,302.00",2016,"28,818",Hatchback,Manual,Petrol,Silver Volkswagen Polo1.2 TSI BlueMotion Tech R-Line Euro 6 (s/s) 5dr2 previous owners,Dublin
Volkswagen Polo (R-Line),Volkswagen,20/10/2024,"€20,430.00",2021,"11,477",Hatchback,Manual,Petrol,Blue Volkswagen Polo1.0 TSI 110 R-Line 5dr,Monaghan
Volkswagen T-Roc (SE),Volkswagen,20/10/2024,"€20,012.00",2020,"15,451",SUV,Manual,Petrol,Blue Volkswagen T-Roc1.0 Tsi Se 5Dr1 previous owner,Laois
Volkswagen Passat (SE),Volkswagen,21/10/2024,"€5,130.00",2011,"111,225",Estate,Manual,Diesel,Volkswagen Passat2.0 TDI BlueMotion Tech SE Euro 5 (s/s) 5dr2 previous owners,Donegal
Volkswagen Passat (BlueMotion Tech),Volkswagen,21/10/2024,"€6,111.00",2012,"89,254",Saloon,Manual,Diesel,Volkswagen Passat2.0 TDI BlueMotion Tech SE 4dr4 previous owners,Louth
Volkswagen Golf (SE),Volkswagen,22/10/2024,"€7,509.00",2013,"80,402",Hatchback,Manual,Diesel,Black Volkswagen Golf2.0 TDI BlueMotion Tech SE Euro 5 (s/s) 5dr3 previous owners,Wicklow
Volkswagen Polo (TDI),Volkswagen,22/10/2024,"€7,350.00",2013,"47,438",Hatchback,Manual,Diesel,Blue Volkswagen Polo1.2 TDI Match Edition Euro 5 5dr,Mayo
Volkswagen Passat (BlueMotion Tech),Volkswagen,23/10/2024,"€8,607.00",2015,128709,Saloon,Automatic,Diesel,Navy Volkswagen Passat2.0 TDI BlueMotion Tech SE Business DSG Euro 6 (s/s) 4dr2 previous owners,Kildare
Volkswagen Passat (S),Volkswagen,25/10/2024,"€7,364.00",2014,"65,093",Saloon,Manual,Diesel,Black Volkswagen Passat1.6 TDI BlueMotion Tech S Euro 5 (s/s) 4dr2 previous owners,Sligo
Volkswagen Touareg (Black Edition),Volkswagen,2024-10-26,"€52,534.00",2020,18443,SUV,Automatic,Diesel,Red Volkswagen Touareg3.0 TDI V6 Black Edition SUV 5dr Diesel Tiptronic 4Motion Euro 6 (s/s) (286 ps),Limerick
Volkswagen Golf (TSI),Volkswagen,27/10/2024,"€11,789.00",2015,"112,321",Hatchback,Automatic,Petrol Plug-In Hybrid,Grey Volkswagen Golf1.4 TSI GTE DSG Euro 6 (s/s) 5dr,Dublin
Volkswagen Golf (Active),Volkswagen,28/10/2024,"€24,895.00",2022,"6,227",Hatchback,Manual,Petrol,Red Volkswagen Golf1.5 TSI 150 Active 5dr Petrol Hatchback,Roscommon
Volkswagen Polo (TSI),Volkswagen,2024-10-28,"€ 9,820",2015,33072,Hatchback,Manual,Petrol,Red Volkswagen Polo1.2 TSI BlueMotion Tech SE Euro 6 (s/s) 5dr2 previous owners,Sligo
Volkswagen Tiguan (R-Line),Volkswagen,30/10/2024,"€43,108.00",2022,"5,019",SUV,Automatic,Diesel,Navy Volkswagen TiguanR-Line 2.0 TDI 200PS 7-Speed DSG 4Motion 5 Door,Meath
Volkswagen T-Roc (TSI EVO),Volkswagen,30/10/2024,"€21,918.00",2018,"11,987",SUV,Manual,Petrol,Red Volkswagen T-Roc1.5 TSI EVO SEL 5dr1 previous owner,Louth
Volkswagen ID.4 (Family),Volkswagen,2024-11-02,"€54,167.00",2022,"8,861",SUV,Automatic,Electric,Black Volkswagen ID.4Family 77kWh Pro Performance 204PS 1-speed automatic 5 Door1 previous owner,Wexford
Volkswagen Polo (TSI),Volkswagen,02/11/2024,"€11,895.00",2017,"32,768",Hatchback,Manual,Petrol,Navy Volkswagen Polo1.2 TSI Match Edition 5dr,Dublin
Volkswagen CC (BlueMotion Tech),Volkswagen,03/11/2024,"€14,312.00",2015,"56,609",Saloon,Automatic,Diesel,Blue Volkswagen CC2.0 TDI BlueMotion Tech R-Line DSG Euro 5 (s/s) 4dr,Limerick
Volkswagen T-Cross (TSI),Volkswagen,04/11/2024,"€17,526.00",2019,"15,197 miles",SUV,Manual,Petrol,Blue Volkswagen T-Cross1.0 TSI S 5dr,Dublin
Volkswagen T-Roc (TDI),Volkswagen,06/11/2024,"€21,414.00",2019,"21,801",SUV,Manual,Diesel,Silver Volkswagen T-Roc2.0 TDI 4MOTION SEL 5dr,Galway
Volkswagen Golf (R-Line),Volkswagen,08/11/2024,"€ 28,223",2022,"3,143",Hatchback,Manual,Petrol,Red Volkswagen Golf Hatchback1.5 TSI R-Line 5dr1 previous owner,Cork
Volkswagen Polo (SE Tech Edition),Volkswagen,08/11/2024,"€16,188.00",2019,25424,Hatchback,Automatic,Petrol,Blue Volkswagen Polo MK6 5d Hatch 1.0 TSI 95PS SE Tech Edition DSG1.0 TSI SE Tech Edition DSG Euro 6 (s/s) 5dr,Kerry
Volkswagen Golf Plus (SE),Volkswagen,2024-11-09,"€5,134.00",2012,"72,059",Hatchback,Manual,Diesel,Volkswagen Golf Plus Diesel Hatchback2.0 SE TDI 5DR Manual1 previous owner,Cork
Volkswagen Passat (SE Business),Volkswagen,11/11/2024,"€8,610.00",2016,126233,Estate,Manual,Diesel,Volkswagen Passat2.0 TDI BlueMotion Tech SE Business Euro 6 (s/s) 5dr,Dublin
Volkswagen Golf (SE Nav),Volkswagen,11/11/2024,"€14,329.00",2017,"32,796",Hatchback,Manual,Petrol,Red Volkswagen GolfSe Navigation Tsi Bm 1.4 5dr,Carlow
Volkswagen Tiguan Allspace (TDI),Volkswagen,11/11/2024,"€26,782.00",2019,"14,396 miles",SUV,Manual,Diesel,Grey Volkswagen Tiguan Allspace2.0 TDI Match Euro 6 (s/s) 5dr,Limerick
Volkswagen Golf (GTI Performance),Volkswagen,12/11/2024,"€21,798.00",2018,"59,029",Hatchback,Auto,Petrol,Blue Volkswagen Golf2.0 TSI 245 GTI Performance DSG 5dr,Dublin
Volkswagen Golf (BlueMotion Tech),Volkswagen,12/11/2024,"€10,232.00",2018,"107,128",Estate,Automatic,Diesel,Volkswagen Golf1.6 SE NAVIGATION TDI BLUEMOTION TECHNOLOGY DSG 5d 114 BHP1 previous owner,Tipperary
Volkswagen Golf (eTSI),Volkswagen,14/11/2024,"€29,958.00",2020,"11,116",Hatchback,Automatic,Petrol Hybrid,Navy Volkswagen Golf1.5 eTSI MHEV R-Line DSG (s/s) 5dr1 previous owner,Tipperary
Volkswagen Golf (R-Line Edition),Volkswagen,15/11/2024,"€16,821.00",2017,"26,563",Hatchback,Manual,Petrol,Black Volkswagen Golf1.4 TSI 150 R-LINE EDITION 5DR1 previous owner,Cavan
Volkswagen Polo (Match),Volkswagen,16/11/2024,"€4,183.00",2009,"61,825",Hatchback,Manual,Diesel,Red Volkswagen Polo1.4 TDI Match 5dr2 previous owners,Laois
Volkswagen Golf (SE Nav),Volkswagen,19/11/2024,"€13,999.00",2017,"37,868",Hatchback,Manual,Diesel,Red Volkswagen Golf1.6 TDI SE [Nav] 5dr,Dublin
Volkswagen Polo (BlueMotion Tech),Volkswagen,20/11/2024,"€ 10,690",2016,23797,Hatchback,Manual,Petrol,Red Volkswagen Polo1.0 Match 5dr1 previous owner,Tipperary
Volkswagen Tiguan (BlueMotion Tech),Volkswagen,21/11/2024,"€ 7,306",2013,"116,315",SUV,Manual,Diesel,Navy Volkswagen Tiguan2.0 TDI BlueMotion Tech Match 4WD Euro 5 (s/s) 5dr3 previous owners,Dublin
Volkswagen Golf (TSI),Volkswagen,2024-11-21,"€7,711.00",2011,"56,899",Hatchback,Manual,Petrol,Black Volkswagen Golf1.4 TSI Match Euro 5 5dr2 previous owners,Waterford
Volkswagen Polo (TSI),Volkswagen,21/11/2024,"€10,072.00",2016,"33,639",Hatchback,Manual,Petrol,Blue Volkswagen Polo1.2L SE BlueMotion Tech TSI 5dr,Monaghan
Volkswagen Touareg (TDI V6),Volkswagen,22/11/2024,"€55,146.00",2021,"24,884",SUV,Automatic,Diesel,Black Volkswagen Touareg3.0 TDI V6 Black Edition Tiptronic 4Motion Euro 6 (s/s) 5dr,Dublin
Volkswagen Polo (EVO),Volkswagen,23/11/2024,"€16,033.00",2020,"12,466",Hatchback,Manual,Petrol,Volkswagen Polo1.0 EVO 80 Match 5dr,Dublin
Volkswagen Golf (BlueMotion Tech),Volkswagen,24/11/2024,"€7,088.00",2013,"88,262",Hatchback,Manual,Diesel,Red Volkswagen Golf1.6 TDI BlueMotion Tech SE Euro 5 (s/s) 5dr,Louth
Volkswagen Polo (BlueMotion Tech),Volkswagen,2024-11-24,"€9,716.00",2016,"40,759",Hatchback,Manual,Petrol,Blue Volkswagen Polo1.2 SE TSI 5d 89 BHP,Kilkenny
Volkswagen Tiguan (S),Volkswagen,2024-11-24,"€9,908.00",2014,"74,521",SUV,Manual,Diesel,Volkswagen Tiguan2.0 TDI BlueMotion Tech S 2WD Euro 5 (s/s) 5dr3 previous owners,Dublin
Volkswagen Golf (TSI EVO),Volkswagen,25/11/2024,"€17,132.00",2018,"17,207",Hatchback,Manual,Petrol,Volkswagen Golf1.5 TSI EVO 150 SE [Nav] 5dr,Kilkenny
Volkswagen Golf (Match),Volkswagen,26/11/2024,"€12,982.00",2019,"74,571",Hatchback,Manual,Diesel,Red Volkswagen Golf1.6L Match TDI 5dr,Cork
Volkswagen Tiguan (BlueMotion Tech),Volkswagen,28/11/2024,"€17,237.00",2016,"39,876",SUV,Manual,Petrol,Navy Volkswagen TiguanVolkswagen Tiguan 1.4 TSi 150 SE Nav 5dr 2WD2 previous owners,Tipperary
Volkswagen T-Roc (TSI EVO),Volkswagen,29/11/2024,"€23,859.00",2019,"14,074",S.U.V.,Automatic,Petrol,Black Volkswagen T-Roc1.5 Tsi Evo Design 5Dr Dsg2 previous owners,Dublin
Volkswagen T-Cross (TSI),Volkswagen,29/11/2024,"€19,007.00",2021,"10,291",SUV,Manual,Petrol,Red Volkswagen T-Cross Estate1.0 TSI 110 SE 5dr1 previous owner,Kildare
Volkswagen Golf (TSI),Volkswagen,30/11/2024,"€8,896.00",2015,"42,438",Hatchback,Automatic,Petrol,Grey Volkswagen Golf1.4 TSI BlueMotion Tech S DSG Euro 5 (s/s) 5dr21 previous owners,Galway
Volkswagen Passat (GT),Volkswagen,30/11/2024,"€15,172.00",2015,"46,147",Saloon,Automatic,Diesel,Volkswagen Passat2.0 TDI GT 4dr DSG2 previous owners,Laois
Volkswagen Golf (BlueMotion Tech),Volkswagen,30/11/2024,"€6,191.00",2013,"112,389",Hatchback,Manual,Petrol,Red Volkswagen Golf1.2 TSI BlueMotion Tech S Euro 5 (s/s) 5dr2 previous owners,Dublin
Volkswagen Tiguan (SE),Volkswagen,2024-12-01,"€10,123.00",2013,"66,911",SUV,Manual,Diesel,Blue Volkswagen Tiguan2.0 SE TDI BLUEMOTION TECHNOLOGY 4MOTION 5d 175 BHP DAB-BLUETOOTH-CLIMATE AIR CON,Wexford
Volkswagen T-Roc (Design),Volkswagen,01/12/2024,"€19,322.00",2018,"18,564",SUV,Manual,Petrol,Black Volkswagen T-Roc1.0 TSI Design 5dr,Wexford
Volkswagen Golf (R),Volkswagen,05/12/2024,"€43,650.00",2021,"6,242",Hatchback,Automatic,Petrol,Volkswagen Golf2.0 TSI 320 R 4Motion 5dr DSG,Dublin
Volkswagen Passat (BlueMotion Tech),Volkswagen,06/12/2024,"€7,573.00",2014,"107,681",Saloon,Manual,Diesel,Silver Volkswagen Passat1.6 TDI BlueMotion Tech R-Line 4dr3 previous owners,Dublin
Volkswagen T-Cross (TSI),Volkswagen,06/12/2024,"€20,702.00",2020,"7,788 miles",SUV,Manual,Petrol,Black Volkswagen T-Cross1.0 TSI SE 5dr,Cork
Volkswagen Golf (Style),Volkswagen,2024-12-06,"€22,631.00",2020,"11,115",Hatchback,Manual,Petrol,Red Volkswagen GolfMK8 Hatchback 5-Dr 1.5 TSI (130ps) Style EVO 5dr1 previous owner,Tipperary
Volkswagen Polo (SE),Volkswagen,08/12/2024,"€8,790.00",2015,"69,266",Hatchback,Manual,Petrol,Silver Volkswagen Polo1.2 TSI BlueMotion Tech SE Euro 6 (s/s) 5dr1 previous owner,Dublin
Volkswagen Eos (Sport),Volkswagen,10/12/2024,"€3,700.00",2009,"89,145",Convertible,Manual,Petrol,Blue Volkswagen EOS2.0 TSI Sport Cabriolet Euro 4 2dr2 previous owners,Dublin
Volkswagen Polo (BlueMotion Tech),Volkswagen,11/12/2024,"€ 10,324",2016,"49,335",Hatchback,Manual,Petrol,Volkswagen Polo1.2 MATCH TSI 5d 89 BHP FREE BREAKDOWN COVER2 previous owners,Tipperary
Volkswagen Golf Plus (TSI),Volkswagen,12/12/2024,"€ 4,170",2010,"100,738",Hatchback,Manual,Petrol,Blue Volkswagen Golf Plus1.4 TSI SE Euro 5 5dr3 previous owners,Kildare
Volkswagen Golf (Life),Volkswagen,2024-12-13,"€23,493.00",2021,"3,238",Hatchback,Manual,Petrol,Red Volkswagen Golf1.5 TSI Life 5dr,Galway
Volkswagen Polo (BlueMotion 2),Volkswagen,13/12/2024,"€3,505.00",2008,"103,276",Hatchback,Manual,Diesel,Blue Volkswagen Polo1.4 TDI BlueMotion 2 5dr,Waterford
Volkswagen T-Roc (SEL),Volkswagen,17/12/2024,"€19,352.00",2018,"31,420",S.U.V.,Manual,Petrol,Blue Volkswagen T-Roc1.5 TSI EVO SEL 5dr,Cork
Volkswagen Golf (TSI EVO),Volkswagen,17/12/2024,"€16,169.00",2018,"45,253",Hatchback,Automatic,Petrol,Blue Volkswagen Golf1.5 SE NAVIGATION TSI EVO DSG 5d AUTO 129 BHP,Cork
Volkswagen Tiguan (R-Line),Volkswagen,19/12/2024,"€14,075.00",2015,"73,104",SUV,Automatic,Diesel,Volkswagen Tiguan2.0 R LINE TDI BLUEMOTION TECH 4MOTION DSG 5d 139 BHP NATIONWIDE DELIVERY AVAILABLE!2 previous owners,Tipperary
Volkswagen Tiguan (R-Line),Volkswagen,20/12/2024,"€27,755.00",2017,26055,SUV,Automatic,Petrol,Volkswagen Tiguan2.0 TSI R-Line DSG 4Motion (s/s) 5dr,Wexford
Volkswagen Passat (BlueMotion Tech),Volkswagen,21/12/2024,"€13,503.00",2015,"53,236",Saloon,Manual,Diesel,Volkswagen Passat2.0 TDI SE Business 4dr2 previous owners,Tipperary
Volkswagen Golf (MHEV),Volkswagen,22/12/2024,"€29,262.00",2021,3143,Hatchback,Automatic,Petrol Hybrid,Volkswagen Golf1.5 R-LINE ETSI DSG 5d 148 BHP *BALANCE OF VW WARRANTY 15/11/24*,Galway
Volkswagen Polo (Match),Volkswagen,22/12/2024,"€11,845.00",2017,"11,693",Hatchback,Manual,Petrol,Silver Volkswagen Polo1.0 75 Match 5dr,Mayo
